Category,Theme,Situation,Category Description,Theme Description,Situation Description,Evidence Snippets,Situation References
Sleep Environment Optimization,Temperature and Comfort Control,I want to find ways to adjust my room temperature to sleep better.,"Situations related to improving the sleep environment to enhance comfort, temperature control, noise reduction, and overall sleep quality.",Situations focused on adjusting and managing sleep environment temperature and comfort levels.,Expresses the need to control room temperature to improve sleep quality.,Expresses the need to control room temperature to improve sleep quality.,1
Sleep Environment Optimization,Noise and Light Management,Looking for solutions to reduce noise and light disturbances during sleep.,"Situations related to improving the sleep environment to enhance comfort, temperature control, noise reduction, and overall sleep quality.",Situations involving reducing noise and light disturbances to promote better sleep conditions.,Deals with efforts or concerns about minimizing noise and light that interfere with sleep.,Deals with efforts or concerns about minimizing noise and light that interfere with sleep.,1
Sleep Posture and Support,Spinal Alignment and Posture Awareness,I want to learn how to maintain proper spinal alignment during sleep.,Situations related to choosing or adjusting sleep positions and support systems to promote spinal health and comfort.,Situations emphasizing awareness and adjustment of sleep position to support spinal health.,Focuses on increasing awareness about maintaining proper spinal alignment while sleeping.,Focuses on increasing awareness about maintaining proper spinal alignment while sleeping.,1
Sleep Posture and Support,Supportive Sleep Devices and Accessories,Interested in using pillows and mattresses that provide better support.,Situations related to choosing or adjusting sleep positions and support systems to promote spinal health and comfort.,"Situations involving the use of pillows, mattresses, or other devices to improve sleep support and comfort.","Deals with the use of pillows, mattresses, or other support tools to enhance sleep quality.","Deals with the use of pillows, mattresses, or other support tools to enhance sleep quality.",1
Sleep Health and Medical Concerns,Sleep Disorder Diagnosis and Treatment,I want to find out if I have a sleep disorder and how to treat it.,"Situations related to addressing sleep-related health issues, symptoms, and seeking medical or therapeutic solutions.",Situations involving seeking diagnosis or treatment options for sleep disorders such as insomnia or restless leg syndrome.,Expresses interest in diagnosing or treating sleep disorders.,Expresses interest in diagnosing or treating sleep disorders.,1
Sleep Technology and Innovations,Innovative Sleep Comfort Technologies,Curious about zero-gravity beds that improve comfort and reduce pressure.,"Situations related to new sleep technologies, gadgets, or features designed to improve sleep quality or convenience.","Situations exploring new comfort features such as cooling mattresses, pressure relief systems, or zero-gravity beds.",Expresses curiosity about advanced sleep comfort technologies like zero-gravity beds.,Expresses curiosity about advanced sleep comfort technologies like zero-gravity beds.,1
Sleep Environment Optimization,Supportive Sleep Devices and Accessories,Looking for a mattress that offers better support and comfort for better sleep.,Situations focused on creating and adjusting the sleep environment to enhance sleep quality and comfort.,"Situations involving modifications to mattresses, pillows, or bedding to improve sleep comfort.",Expresses the need for a mattress that provides better support and comfort for restful sleep.,Looking for a mattress that offers better support and comfort for better sleep.,1
Sleep Environment Optimization,Supportive Sleep Devices and Accessories,Seeking pillows that support my neck and improve sleep comfort.,Situations focused on creating and adjusting the sleep environment to enhance sleep quality and comfort.,"Situations involving modifications to mattresses, pillows, or bedding to improve sleep comfort.",Focuses on finding pillows that improve neck support and overall sleep comfort.,Seeking pillows that support my neck and improve sleep comfort.,1
Sleep Posture and Support,Zero-Gravity and Pressure-Relief Sleep Systems,Interested in sleep systems that simulate zero-gravity to enhance comfort during sleep.,Situations related to increasing comfort and reducing pressure points during sleep for better rest.,Situations involving interest in or use of sleep systems that simulate zero-gravity conditions to reduce pressure and enhance comfort.,Expresses curiosity or desire for sleep systems that mimic zero-gravity to improve comfort and reduce pressure.,Interest in sleep systems that simulate zero-gravity to enhance comfort during sleep.,1
Sleep Environment Optimization,Noise and Light Management,Looking for ways to manage sleep interruptions.,Situations related to minimizing external disturbances like noise or interruptions that interfere with sleep quality.,Situations dealing with handling or preventing sleep interruptions such as awakenings or interruptions due to external factors.,Focuses on strategies or solutions to handle or prevent sleep interruptions.,Looking for ways to manage sleep interruptions.,1
Sleep Disruption Management,Snoring and Breathing-Related Disruptions,Looking for ways to reduce snoring to improve my sleep quality.,"Situations related to identifying and resolving causes of sleep interruptions to achieve continuous, restorative sleep.",Situations focused on managing or reducing snoring and breathing issues that disturb sleep.,Deals with solutions or concerns related to snoring and sleep disturbances caused by breathing issues.,Deals with solutions or concerns related to snoring and sleep disturbances caused by breathing issues.,1
Sleep Monitoring and Feedback,Feedback for Improving Sleep Habits,Looking for feedback based on sleep data to improve my sleep habits.,"Situations that involve tracking sleep patterns, receiving feedback, and using data to improve sleep quality.",Situations where users receive or seek feedback based on sleep data to enhance sleep routines.,Seeks or receives suggestions based on sleep data to improve habits.,Looking for feedback based on sleep data to improve my sleep habits.,1
Sleep Environment Optimization,Innovative Sleep Comfort Technologies,Looking to develop relaxing routines before sleep to help fall asleep faster.,"Situations focused on establishing, maintaining, or changing sleep routines and habits to promote better sleep health.",Situations related to developing pre-sleep activities or relaxation methods to facilitate falling asleep.,Focuses on establishing calming activities before bed to promote sleep.,Looking to develop relaxing routines before sleep to help fall asleep faster.,1
Sleep Environment Optimization,Temperature and Comfort Control,Looking for ways to adjust room temperature and lighting to improve sleep comfort.,"Situations focused on improving the sleep setting to enhance comfort, safety, and overall sleep quality.",Situations related to modifying the sleep setting to increase comfort and personalized sleep experiences.,"Concerns about temperature, noise, or lighting conditions affecting sleep comfort.",Looking for ways to adjust room temperature and lighting to improve sleep comfort.,1
Sleep Environment Optimization,Temperature and Comfort Control,Interested in using blackout curtains and white noise to create a better sleep environment.,"Situations focused on improving the sleep setting to enhance comfort, safety, and overall sleep quality.",Situations related to modifying the sleep setting to increase comfort and personalized sleep experiences.,"Interest in using accessories like blackout curtains, white noise machines, or fans to enhance sleep.",Interested in using blackout curtains and white noise to create a better sleep environment.,1
Sleep Technology and Innovations,Snoring and Sleep Apnea Solutions,I use a sleep tracker to monitor my sleep patterns and improve them.,"Situations involving the use of advanced sleep devices, gadgets, or innovative solutions to enhance sleep quality.",Situations where individuals utilize gadgets or apps to monitor and improve sleep patterns.,Uses devices or apps to track sleep duration and quality.,Uses devices or apps to track sleep duration and quality.,1
Sleep Disruption Management,Feedback for Improving Sleep Habits,I want to find effective ways to manage my insomnia.,"Situations related to identifying, managing, or seeking solutions for sleep disruptions, disorders, or disturbances.",Seeking treatment or strategies for diagnosed sleep disorders like insomnia or sleep apnea.,Looking for ways to treat or manage chronic sleep difficulties.,Looking for ways to treat or manage chronic sleep difficulties.,1
Sleep Monitoring and Feedback,Pressure Point Minimization,I have trouble falling asleep because I don't follow a consistent pre-sleep routine.,"Situations involving habits, routines, and behavioral factors that influence sleep patterns and quality.",Focuses on establishing or improving routines before sleep to enhance sleep onset and quality.,Struggles to fall asleep because of inadequate pre-sleep habits.,Struggles to fall asleep because of inadequate pre-sleep habits.,1
Sleep Monitoring and Feedback,Caffeine and Substance Use Impact,I'm concerned that drinking coffee late in the day affects my sleep.,"Situations involving habits, routines, and behavioral factors that influence sleep patterns and quality.","Concerns about how caffeine, alcohol, or other substances affect sleep quality.",Worries that caffeine consumption interferes with ability to fall asleep.,Worries that caffeine consumption interferes with ability to fall asleep.,1
Sleep Environment Optimization,Temperature and Comfort Control,Trying to find the right pillow height to support my neck.,Situations focused on creating and maintaining an optimal sleep setting to enhance sleep quality and comfort.,"Situations involving the selection, adjustment, or concern about mattress and pillow comfort to improve sleep quality.",Adjusting pillow height to achieve better neck support and sleep comfort.,Trying to find the right pillow height to support my neck.,1
Sleep Posture and Support,Supportive Sleep Devices and Accessories,Interested in mattresses that help distribute body pressure evenly.,Situations aimed at enhancing overall sleep comfort through pressure distribution and body support.,Interest or use of sleep solutions that distribute pressure evenly to improve comfort.,Expresses interest in mattresses designed to reduce pressure points.,Interested in mattresses that help distribute body pressure evenly.,1
Sleep Environment Optimization,Sleep Environment Maintenance and Environment Controls,Having trouble staying asleep due to frequent awakenings.,"Situations related to problems, disturbances, or concerns that interfere with restful sleep.",Addressing issues like frequent awakenings and sleep fragmentation.,Experiencing multiple awakenings during the night and seeking solutions.,Having trouble staying asleep due to frequent awakenings.,1
Sleep Posture and Support,Supportive Sleep Devices and Accessories,Interested in trying memory foam pillows for better sleep.,Situations involving the use or interest in devices designed to improve sleep comfort and support.,Situations where consumers show interest in or use specific devices like pillows or mattress toppers for better sleep.,Expresses interest in using memory foam pillows to enhance sleep comfort.,Interested in trying memory foam pillows for better sleep.,1
Sleep Environment Optimization,Supportive Sleep Devices and Accessories,I'm worried that my mattress is too hard and not comfortable enough for good sleep.,Situations related to creating an optimal sleep environment to enhance sleep quality and comfort.,Situations focused on modifying mattress features to improve comfort and support for better sleep.,Expresses concern about the firmness of the mattress affecting sleep quality.,Concern about mattress firmness affecting sleep quality.,1
Sleep Posture and Support,Spinal Alignment and Posture Awareness,"I don't really pay attention to my sleeping posture, which sometimes causes pain.",Situations related to maintaining proper sleep posture and body support for health and comfort.,Situations focused on increasing awareness and modifying sleep positions to promote health.,Unaware of proper sleep posture leading to discomfort or health issues.,Unaware of proper sleep posture leading to discomfort or health issues.,1
Sleep Technology and Innovations,Sleep Enhancement Gadgets,I use a white noise machine to help me fall asleep.,"Situations involving the use of technological solutions, gadgets, or devices to monitor, enhance, or facilitate better sleep.","Use of gadgets like white noise machines, sleep lights, or calming devices to improve sleep experience.",Uses white noise to create a calming sleep environment.,Use of white noise to create a calming sleep environment.,1
Sleep Environment Optimization,Temperature and Comfort Control,I want my bedroom to be cooler at night.,"Situations focused on improving the sleep setting, including comfort, temperature, and environment factors to enhance sleep quality.",Situations involving adjustments or preferences for room temperature and climate to promote restful sleep.,Expresses a wish to sleep in a cooler room temperature for better rest.,I want my bedroom to be cooler at night.,1
Sleep Posture and Support,Temperature and Comfort Control,My pillow causes neck stiffness in the morning.,Situations related to physical positioning and posture during sleep to prevent discomfort and health issues.,Concerns about neck and shoulder positioning to avoid pain or stiffness.,Experiences neck pain due to unsuitable pillow height or firmness.,My pillow causes neck stiffness in the morning.,1
Sleep Posture and Support,Supportive Sleep Devices and Accessories,Using specialized pillows to support my neck and improve sleep posture.,Situations involving the use or interest in devices and accessories that enhance sleep comfort and support.,"Situations involving the use of pillows, cushions, or other accessories to improve sleep quality.",Utilizing pillows designed for specific support needs to improve sleep posture.,Using specialized pillows to support my neck and improve sleep posture.,1
Sleep Environment Optimization,Innovative Sleep Comfort Technologies,Looking for ways to reduce pain caused by specific sleeping positions.,Situations related to experiencing and alleviating discomfort or pain during sleep to improve rest quality.,Situations where individuals seek relief from pain caused by specific sleeping positions or conditions.,Seeks solutions to reduce pain caused by certain sleeping postures.,Looking for ways to reduce pain caused by specific sleeping positions.,1
Sleep Monitoring and Feedback,Sleep Schedule Consistency,Keeps a consistent sleep schedule to improve rest.,"Situations related to establishing, maintaining, or modifying habits and routines to promote better sleep.",Situations focused on maintaining a regular sleep schedule to improve overall sleep quality.,Maintains a regular sleep schedule to enhance sleep quality.,Keeps a consistent sleep schedule to improve rest.,1
Behavioral and Lifestyle Factors Affecting Sleep,Reducing Screen Time Before Sleep,Avoiding screens an hour before bed to help fall asleep faster.,"Situations involving changes in habits, routines, or behaviors to improve sleep quality and health.",Efforts to limit exposure to screens before bedtime to enhance sleep onset and quality.,Avoiding screens before sleep to reduce blue light exposure and improve sleep quality.,Avoiding screens an hour before bed to help fall asleep faster.,1
Sleep Posture and Support,Zero-Gravity and Pressure-Relief Sleep Systems,I practice relaxation exercises before bed to fall asleep faster.,"Situations related to daily habits, routines, and lifestyle factors impacting sleep quality.",Situations involving routines or habits before sleep that influence sleep quality.,Uses relaxation methods before bed to improve sleep onset.,Practicing relaxation techniques before sleep.,1
Sleep Environment Optimization,Preference for Adjustable and Customizable Sleep Surfaces,Looking for adjustable mattresses and pillows for better comfort.,"Situations involving customization and enhancement of the sleep environment for comfort, including bedding, temperature, and other personal preferences.","Situations where users seek adjustable mattresses, pillows, or bedding to suit personal comfort needs.",Expresses a preference for adjustable sleep surfaces to improve comfort.,Looking for adjustable mattresses and pillows for better comfort.,1
Sleep Environment Optimization,Sleep Environment Maintenance and Environment Controls,Having trouble finding bedding that feels comfortable for sleep.,"Situations related to optimizing the sleep setting, including environment, comfort, and sleep aids, to improve sleep quality.","Situations involving modifications to the sleep environment, such as bedding or room conditions, to enhance comfort.",Struggling to find bedding that provides comfort during sleep.,Having trouble finding bedding that feels comfortable for sleep.,1
Sleep Posture and Support,Noise and Light Management,Using earplugs to block out noise and improve sleep quality.,"Situations related to experiencing and managing interruptions during sleep, such as snoring or environmental noise.",Using devices or strategies to block or reduce environmental noise that disrupts sleep.,Utilizing earplugs or noise-canceling devices to block out disruptive sounds during sleep.,Using earplugs to block out noise and improve sleep quality.,1
Sleep Disruption Management,Snoring and Breathing-Related Disruptions,Looking for solutions to manage sleep apnea and breathing problems.,"Situations involving recognition, concern, or seeking solutions for specific sleep disorders or health issues affecting sleep.",Situations related to managing or addressing sleep apnea and breathing-related sleep issues.,Deals with concerns or treatments related to sleep apnea or breathing interruptions during sleep.,Looking for solutions to manage sleep apnea and breathing problems.,1
Sleep Environment Optimization,Temperature and Comfort Control,Maintaining optimal humidity levels helps me sleep more soundly.,Situations related to creating and maintaining an optimal sleep environment to improve sleep quality.,Situations involving managing room temperature and humidity to optimize sleep conditions.,Concerns about maintaining appropriate humidity levels in the sleep environment.,Concerns about maintaining appropriate humidity levels in the sleep environment.,1
Sleep Technology and Innovations,Temperature and Comfort Control,Prefers breathable bedding materials to stay cool and comfortable during sleep.,"Situations related to enhancing sleep comfort through temperature control, bedding choices, and environmental adjustments.",Situations focused on selecting bedding materials that enhance comfort and temperature regulation.,"Expresses a preference for bedding made of breathable, moisture-wicking materials to stay comfortable.",Prefers breathable bedding materials to stay cool and comfortable during sleep.,1
Sleep Environment Optimization,Snoring and Breathing-Related Disruptions,Experiencing sleep disruptions caused by allergies or health problems.,"Situations centered around sleep disturbances caused by health issues, environmental factors, or discomfort, affecting sleep quality.","Situations dealing with sleep problems caused by health conditions such as allergies, pain, or medical issues.",Concerns about health issues like allergies affecting sleep quality.,Experiencing sleep disruptions caused by allergies or health problems.,1
Sleep Comfort and Personal Preferences,Subjective Sleep Quality Improvement,Trying different methods to feel more rested after sleep.,"Situations related to individual preferences, comfort levels, and subjective sleep experiences.",Situations focused on personal feelings of sleep quality and efforts to enhance subjective sleep experiences.,Concerned with ways to feel more rested and satisfied with sleep quality.,Trying different methods to feel more rested after sleep.,1
Sleep Posture and Support,Sleep Environment Maintenance and Environment Controls,I use automated lighting and climate control to create the perfect sleep environment.,Situations involving the use of advanced sleep technology or innovative sleep solutions to enhance sleep quality.,"Uses automated systems to control sleep environment variables like lighting, temperature, or sound.",Uses automated systems to adjust lighting and climate for optimal sleep.,I use automated lighting and climate control to create the perfect sleep environment.,1
Sleep Posture and Support,Feedback for Improving Sleep Habits,Elevating the head to prevent acid reflux at night.,Situations related to maintaining or adjusting sleep posture to promote health and comfort.,Modifying sleeping positions to address specific health concerns such as acid reflux or circulation issues.,Adjusting head position to reduce acid reflux during sleep.,Elevating the head to prevent acid reflux at night.,1
Sleep Disruption Management,Reducing Noise and External Distractions,Roommates or environmental factors disturb sleep.,Situations concerning external disturbances or environmental factors that interfere with sleep quality.,Situations where external factors like room-sharing or environmental conditions affect sleep.,Focuses on disturbances caused by environment or sleeping partners.,Roommates and environmental factors disturb sleep.,1
Sleep Comfort and Personal Preferences,Temperature and Comfort Control,Trying to adjust sleep position or environment for better comfort.,Situations involving discomfort during sleep and the need for adjustments to improve comfort and rest quality.,Situations where individuals seek or make adjustments to sleeping positions or environments to enhance comfort.,Individuals seek to modify their sleeping setup to improve comfort levels.,Trying to adjust sleep position or environment for better comfort.,1
Sleep Comfort and Personal Preferences,Bedding Comfort and Material Preferences,Prefers natural sleep aids and non-invasive solutions to improve sleep quality.,"Situations related to preferences, interests, or decision-making processes regarding sleep products and solutions.","Situations showing preference for natural, non-invasive, or drug-free sleep solutions.",Prefers natural or non-invasive methods for improving sleep without medication.,Prefers natural sleep aids and non-invasive solutions to improve sleep quality.,1
Sleep Comfort and Personal Preferences,Decision-Making in Sleep Product Purchase,Evaluating options and deciding on sleep products to purchase.,"Situations related to preferences, interests, or decision-making processes regarding sleep products and solutions.","Situations involving considerations, doubts, or evaluations leading to the purchase of sleep-related products.",Concerns or process of evaluating and deciding on sleep products to buy.,Evaluating options and deciding on sleep products to purchase.,1
Sleep Environment Optimization,Reducing Noise and External Distractions,Looking for solutions to darken my bedroom for better sleep.,Situations focused on creating and improving the sleep environment to enhance sleep quality and comfort.,Situations aimed at minimizing external disturbances like noise and light to promote better sleep.,Seeking ways to reduce light exposure in the sleep environment.,Seeking ways to reduce light exposure in the sleep environment.,1
Sleep Technology and Innovations,Sleep Enhancement Gadgets,Trying out smart sleep lights to improve my sleep routine.,Situations involving the use and interest in technological devices and gadgets to improve sleep quality.,"Interest in gadgets like smart pillows, lighting, or sound machines designed to improve sleep.",Interest in lighting devices that promote better sleep routines.,Interest in lighting devices that promote better sleep routines.,1
Sleep Disruption Management,Supportive Sleep Devices and Accessories,I want to avoid waking up multiple times during the night.,"Situations related to identifying, preventing, or managing factors that disrupt sleep quality or cause awakenings.",Concerns and strategies for staying asleep through the night without frequent awakenings.,Focuses on techniques or solutions to prevent waking up during the night.,Focuses on techniques or solutions to prevent waking up during the night.,1
Sleep Disruption Management,Restless Leg Syndrome and Periodic Limb Movements,Experiencing leg discomfort and seeking relief during sleep.,"Situations involving diagnosis, treatment, or management of sleep disorders such as insomnia, sleep apnea, or restless leg syndrome.",Situations centered on managing discomfort and movement disorders during sleep.,Deals with concerns and treatments for leg discomfort and involuntary movements during sleep.,Experiencing leg discomfort and seeking relief during sleep.,1
Sleep Environment Optimization,Sleep Environment Maintenance and Environment Controls,Looking for ways to block out noise so I can sleep peacefully.,Situations related to creating an optimal sleep environment to enhance sleep quality and comfort.,Situations involving control of environmental factors like temperature and noise to improve sleep conditions.,Addresses strategies to minimize noise disturbances during sleep.,Looking for ways to block out noise so I can sleep peacefully.,1
Sleep Environment Optimization,Sleep Environment Maintenance and Environment Controls,Interested in keeping bedding clean and hygienic for better sleep health.,"Situations related to enhancing the sleep setting to improve comfort, safety, and sleep quality.",Situations emphasizing safety measures and cleanliness in the sleep environment to promote health and peace of mind.,Focuses on cleanliness and hygiene practices related to bedding and sleep area maintenance.,Interested in keeping bedding clean and hygienic for better sleep health.,1
Sleep Posture and Support,Impact of Evening Routines on Sleep,Concerned about how sleep impacts mental health and emotional wellbeing.,Situations concerning the broader health implications of sleep quality and related wellness practices.,"Situations where sleep quality is linked to physical health, mental health, or overall wellness.",Considers how sleep quality affects mental health and emotional stability.,Concerned about how sleep impacts mental health and emotional wellbeing.,1
Sleep Monitoring and Feedback,Establishing and Maintaining Bedtime Routines,Want to create a routine that helps me fall asleep faster every night.,Situations related to establishing and maintaining habits or routines that promote better sleep.,Situations focused on creating consistent pre-sleep routines to improve sleep onset and quality.,Concerned with developing habits that help initiate sleep more easily.,Want to create a routine that helps me fall asleep faster every night.,1
Sleep Environment Optimization,Supportive Sleep Devices and Accessories,I choose hypoallergenic bedding to avoid allergy issues while sleeping.,"Situations related to adjusting and creating a sleep environment that promotes comfort, safety, and quality sleep.","Situations focusing on preferences and adjustments related to mattresses, pillows, and bedding to enhance sleep comfort.",Focuses on selecting hypoallergenic bedding to reduce allergy symptoms during sleep.,Choosing hypoallergenic bedding to reduce allergy symptoms during sleep.,1
Sleep Environment Optimization,Reducing Noise and External Distractions,Seeking ways to block out outside noise and sleep peacefully.,"Situations addressing disturbances such as snoring, noise, and interruptions that disrupt sleep quality.",Situations involving efforts to block or diminish external noises that interfere with sleep.,Looking for methods to eliminate or reduce external noise sources.,Seeking ways to block out outside noise and sleep peacefully.,1
Sleep Environment Optimization,Supportive Sleep Devices and Accessories,I prefer soft mattresses for better comfort while sleeping.,Situations related to creating and maintaining an optimal sleep environment to enhance sleep quality and comfort.,Situations focused on preferences and concerns regarding sleep surfaces and materials used in sleep environments.,Expresses a preference for soft mattresses or bedding to improve comfort during sleep.,Preference for soft mattresses or bedding to improve comfort during sleep.,1
Sleep Environment Optimization,Supportive Sleep Devices and Accessories,I'm worried about dust mites in my bedding affecting my sleep.,Situations related to creating and maintaining an optimal sleep environment to enhance sleep quality and comfort.,Situations focused on preferences and concerns regarding sleep surfaces and materials used in sleep environments.,Worries about allergens or dust mites in bedding materials affecting sleep quality.,Worries about allergens or dust mites in bedding affecting sleep quality.,1
Sleep Disruption Management,Managing Sleep Interruptions,Experiencing frequent sleep interruptions due to external disturbances.,"Situations addressing problems that interrupt or diminish sleep quality, such as snoring, interruptions, or health issues.",Addressing external factors like interruptions or health issues that cause sleep disruptions.,External disturbances causing frequent sleep interruptions.,Experiencing frequent sleep interruptions due to external disturbances.,1
Sleep Environment Optimization,Sleep Environment Maintenance and Environment Controls,I find it difficult to keep my room at the right temperature for sleeping.,"Situations related to creating an optimal sleep environment, including bedding, room conditions, and accessories to enhance sleep quality.","Situations focused on controlling room temperature, lighting, and noise levels to optimize sleep conditions.",Struggles with maintaining a comfortable room temperature for sleep.,Difficulty maintaining a comfortable room temperature for sleep.,1
