Situation_Name,Frequency,Percentage
Using Natural Hair Care Routine for Color-Treated Hair,1036,41.094803649345494
Seeking Affordable Hair Growth Solutions,223,8.845696152320508
Exploring New Skincare Launches and Products,207,8.211027370091234
Showcasing Vintage Fashion and Skincare on Live Video,204,8.092026973423245
"Choosing Safe, Mineral Sunscreens",152,6.029353431178104
Applying Ayurvedic Makeup for a Natural Glow,146,5.791352637842126
Participating in a Social Media Giveaway,129,5.1170170567235225
Hormone-Safe Skin Nourishment for PCOS and Sensitive Skin,67,2.657675525585085
Using Hydrating Facial Mist Post-Workout or During the Day,56,2.221340737802459
Summer Body Care and Sun Protection Routine,46,1.824672748909163
Educating About Hidden Toxins in Fragrance and Personal Care,41,1.6263387544625147
Switching to Non-Toxic Nail Care,31,1.2296707655692185
Receiving a Major Brand Investment Announcement,25,0.9916699722332408
Booking and Experiencing Holistic Spa Treatments,25,0.9916699722332408
Choosing Precise Red Lipstick for Special Occasion,20,0.7933359777865925
Baby with delayed teething and abnormal teeth eruption,12,0.4760015866719556
Debunking Myths About Chemical Safety in Cosmetics,9,0.3570011900039667
"Using Lash Serums for Fuller, Healthier Lashes without Irritation",8,0.31733439111463707
"Replacing Heavy Makeup with Natural, Supportive Skincare",8,0.31733439111463707
User’s Interest in Spiritual or Energy Readings,7,0.2776675922253074
Using Ultrasonic Facial Cleaner for Deep Pore Cleansing and Collagen Regeneration,7,0.2776675922253074
Transitioning from Antiperspirant to Natural Deodorant and Detox Phase,7,0.2776675922253074
Concernant l'exposition quotidienne aux parfum et perturbateurs endocriniens,6,0.2380007933359778
Use of Oil-to-Milk Cleansers for Gentle Makeup Removal,6,0.2380007933359778
User Demonstrating or Reviewing Deodorant Features via Video Content,5,0.19833399444664812
Intérêt pour les sérums à base de vitamines C et niacinamide,5,0.19833399444664812
Using LED Light Therapy at Home,4,0.15866719555731854
Avoiding Metal Contact with Bentonite Clay,4,0.15866719555731854
Planning a Long Weekend Break,3,0.1190003966679889
Managing Sugar Cravings While Working from Home,3,0.1190003966679889
Improving Vaginal Odor Naturally,3,0.1190003966679889
Searching for an Age-Appropriate Beauty Box for Adolescents,2,0.07933359777865927
Preparing Collagen-Enhanced Homemade Marshmallows,2,0.07933359777865927
Difficulty Finding Effective Natural Deodorants,2,0.07933359777865927
Managing Body Odor During Daily Activities,2,0.07933359777865927
Sudden Impulse to Develop or Create,1,0.039666798889329634
Disappointment Due to Corporate Acquisitions and Market Consolidation,1,0.039666798889329634
Mengatasi Bau Ketiak Saat Transportasi Umum,1,0.039666798889329634
Gas Leak and Electrical Troubleshooting in Factory,1,0.039666798889329634
Using Eye Serum to Reduce Puffiness,1,0.039666798889329634
Following a Miracle Healing Journey,1,0.039666798889329634
High School Campus Engagement for Clean Beauty,1,0.039666798889329634
"Dry, Chapped Lips Rescue",1,0.039666798889329634
